source_id,category,source_name,source_url,authority,description,last_verified
ELEC001,electricity,NEPRA Consumer Service Manual Revised 2025,https://nepra.org.pk/Legislation/7-Manuals/2025/CONSUMER%20SERVICE%20MANUAL%20%28CSM%29%20REVISED%202025.pdf,NEPRA,Official consumer service rules and procedures for electricity consumers,2026-10-04
ELEC002,electricity,FESCO Customer Services,https://fesco.com.pk/cServices,FESCO,Official FESCO customer service information and procedures,2026-10-04
ELEC003,electricity,NEPRA Complaint Management System,https://nepra.org.pk/CAD-Database/CMS-CAD/home.php,NEPRA,Official NEPRA complaint registration and complaint management information,2026-10-04
ELEC006,electricity,Complaint Handling Rules 2015,https://nepra.org.pk/Legislation/2-Rules/2.11%20NEPRA%20Complaint%20Handling%20and%20Dispute%20Resolution%20%28Procedure%29%20Rules%2C%202015/NEPRA%27s%20Compalint%20Handling%20and%20Dispute%20Resolution%20%28Procedure%29%20Rules%202105.pdf,NEPRA,Official rules governing complaint handling and resolution for electricity consumers,2026-10-04
ELEC007,electricity,Supply of Electric Power Regulations 2015,https://www.nepra.org.pk/Legislation/3-Reg/3.14%20NEPRA%20%28Supply%20of%20Electric%20Power%29%20Regulations%2C%202015/SRO%201134%28I%292015%20Nepra%20Supply%20of%20Electric%20Power%20Regulations%202015.pdf,NEPRA,Official regulations governing supply of electric power and consumer-related matters,2026-10-04
ELEC008,electricity,Prosumer Regulations 2026,https://nepra.org.pk/Legislation/3-Reg/3.35%20NEPRA%20%20Prosumer%20Regulations%202026/SRO%201330(I)-2026%20Dated%2006-08-2026.pdf,NEPRA,Official NEPRA regulations governing prosumers and distributed generation arrangements,2026-10-04
ELEC009,electricity,Performance Standards Distribution Regulations 2026,"https://nepra.org.pk/Legislation/3-Reg/3.39%20NEPRA%20Performance%20Standards%20(Distribution)%20Regulations,%202026/SRO%201430(I)-2026%20Dated%2025-08-2026.pdf",NEPRA,Official performance standards applicable to electricity distribution companies,2026-10-04
ELEC010,electricity,SRO 547(I)/2026,https://nepra.org.pk/Legislation/3-Reg/3.35%20NEPRA%20%20Prosumer%20Regulations%202026/S.R.O%20547%281%29%202026%20notification%20amendment%20in%20NEPRA%20%28Prosumer%29%20Regulations%2002-04-2026.PDF,NEPRA,Official NEPRA regulatory notification issued under S.R.O. 547(I)/2026,2026-10-04
ELEC011,electricity,SRO 1330(I)/2026,https://nepra.org.pk/Legislation/3-Reg/3.35%20NEPRA%20%20Prosumer%20Regulations%202026/SRO%201330(I)-2026%20Dated%2006-08-2026.pdf,NEPRA,Official notification for the NEPRA Prosumer Regulations 2026,2026-10-04
ELEC012,electricity,SRO 693(I)/2026,https://nepra.org.pk/Legislation/3-Reg/3.38National%20Electric%20Power%20Regulatory%20Authority%20%28Technical%20Standards%20for%20Grid%20Connectivity%29%20Regulations%202026/SRO%20693%28I%29-2026%20Dated%2027-04-2026%20Grid%20Conncetivity%20Regulations.pdf,NEPRA,Official NEPRA regulatory notification issued under S.R.O. 693(I)/2026,2026-10-04
